id;title;author;authorId;description;img;longitude;latitude;begin;ending;category;subcategories
1000;Autocine Madrid RACE;DemoEM;1000;  ;;-3.682719171453021;40.500437060081694;;;ShowsHalls;Cinemas
1001;Centro Comercial Dreams - Palacio Municipal de Hielo;DemoEM;1001;  Metro: Canillas (línea 4).  Bus: 120, 112, 122, 153.;;-3.635733711568097;40.46291274127404;;;ShowsHalls;Cinemas
1002;Cine Artesiete Alcalá Full HD;DemoEM;1002;  Metro: Ciudad Lineal (línea 5)  Bus: 104, 109, 113, 4, 77, 48, 70, 105, 38;;-3.638523962349189;40.437446906533594;;;ShowsHalls;Cinemas
1003;Cine Artistic Metropol;DemoEM;1003;  Metro: Acacias (línea 5), Embajadores (línea 3)  Bus: 116, 118, 119, 34, 36, 62, 148, 41, 60, C03, C2, C1  Cercanías Renfe: Embajadores (línea C5)  Bicimad: Estación 46 (Ribera de Curtidores, 28) / Estación 163 (Paseo de la Esperanza, 2).;;-3.70742856791561;40.404856499695455;;;ShowsHalls;Cinemas
1004;Cine Capitol Gran Vía;DemoEM;1004; Descripción monumental: Arquitectos: Luis Martínez - Feduchi y Vicente Eced (1931 - 1933). Esta joya arquitectónica vanguardista e innovadora se construyó con la ambición de convertirse en un hito urbano. Desde su origen se pensó en él como so;;-3.7065898195198486;40.42043827261684;;;ShowsHalls;Cinemas
1005;Cine Cinesa La Gavia 3D;DemoEM;1005;  Bus: 145;;-3.597512351069017;40.367701522967664;;;ShowsHalls;Cinemas
1006;Cine Cinesa Las Rosas 3D;DemoEM;1006;  Metro: Alsacia (línea 2)  Bus: 106, 140, 159, E2. 153;;-3.6225145335284066;40.41850711270872;;;ShowsHalls;Cinemas
1007;Cine Cinesa Manoteras 3D;DemoEM;1007;  Cercanías Renfe: Fuente de la Mora (C1, C10)  Autobús: 150;;-3.6654142365599194;40.48604287095553;;;ShowsHalls;Cinemas
1008;Cine Cinesa Méndez Álvaro 3D;DemoEM;1008;  Metro: Méndez Álvaro (línea 6)  Cercanías Renfe: Méndez Álvaro (líneas C1, C5, C10)  Bus: 113;;-3.6755496528510783;40.396524567021544;;;ShowsHalls;Cinemas
1009;Cine Cinesa Príncipe Pío 3D;DemoEM;1009;  Metro: Príncipe Pío (líneas 6, 10)  Bus: 41, 46, 75  Cercanías Renfe: Príncipe Pío (líneas C1, C7 y C10)  Bicimad: Estación 161 (Paseo de la Florida, 8);;-3.7209625681527148;40.42078197104075;;;ShowsHalls;Cinemas
1010;Cine Cinesa Proyecciones 3D;DemoEM;1010;  Metro: Quevedo (línea 2), Bilbao (líneas 1 y 4)  Bus: 149, 3, 37  Bicimad: Estaciones 200 (glorieta Quevedo, 5), 4 (calle Manuela Malasaña, 5), 5 (calle Fuencarral, 108).  Aparcamiento: Olavide (52), Plaza de Olavide;;-3.7032511074682977;40.43148568058066;;;ShowsHalls;Cinemas
1011;Cine Conde Duque Auditorio Morasol;DemoEM;1011;  Metro: Concha Espina (línea 9)  Bus: 16, 29, 52, 19;;-3.6759848696172304;40.44826095436997;;;ShowsHalls;Cinemas
1012;Cine Conde Duque Goya;DemoEM;1012;  Metro: Goya (líneas 2 y 4), Velázquez (línea 4), Príncipe de Vergara (líneas 2 y 9)  Bus: 29, 52, 21, 53, 15, 152  Bicimad: Estación 91 (calle Hermosilla, 70);;-3.6796079845954734;40.425122566570735;;;ShowsHalls;Cinemas
1013;Cine Conde Duque Santa Engracia 3D;DemoEM;1013;  Metro: Rios Rosas (línea 1)  Bus: 12, 45, 149, 3, 37  Bicimad: Estación 130 (calle Santa Engracia, 127);;-3.701772948792809;40.442395567766845;;;ShowsHalls;Cinemas
1014;Cine Conde Duque Verdi Alberto Aguilera;DemoEM;1014;  Metro: San Bernardo (líneas 2, 4)  Bus: 21, C03, 147, 3  Bicimad: Estación 3 (Plaza del Conde Suchil, 2-4) / Estación 12 (calle San Bernardo, 85).;;-3.706593653591267;40.42981664825533;;;ShowsHalls;Cinemas
1015;Cine Estudio Círculo de Bellas Artes;DemoEM;1015;  Metro: Banco de España (línea 2), Sevilla (línea 2)  Bus: 001, 146, 150, 5, 51, 52, 53, 9, 002, 1, 2, 3, 46, 74, 15, 20  Bicimad: Estación 20a (calle Alcalá, 49) / estación 28 (calle Alcalá, 27)  Aparcamiento: Sevilla (41), calle Sevilla y ca;;-3.6966084554513072;40.418417756198565;;;ShowsHalls;Cinemas
1016;Cine La Vaguada;DemoEM;1016;  Metro: Barrio del Pilar (línea 9)  Bus: 128, 132, 137, 49, 83, 134;;-3.70721;40.48059;;;ShowsHalls;Cinemas
1017;Cine mk2 Palacio de Hielo;DemoEM;1017;  Metro: Canillas (línea 4)  Bus: 120, 112, 122, 153;;-3.636003964017397;40.462803146661386;;;ShowsHalls;Cinemas
1018;Cine Palacio de la Prensa;DemoEM;1018;  Metro: Callao (línea 3)  Bus: 001, 1, 2. 3, 46, 74, 147, 148, 75  Bicimad:Estación 22 (calle Jacometrezzo, 3) / Estación 2 (calle Miguel Moya, 1)  Aparcamiento: El Corte Inglés Callao (92), Plaza de Callao;;-3.7055226978126132;40.41984118412432;;;ShowsHalls;Cinemas
1019;Cine Renoir Plaza de España;DemoEM;1019;  Metro: Plaza España (líneas 3, 10)  Bus: 001, 1, 133, 138, 2, 44, 62, 74, C2, C1  Bicimad: Estación 14 (calle Ventura Rodríguez, 2) / Estaciones 116 a y b (plaza de España).  Aparcamiento: Plaza de España (53), Plaza de España;;-3.7134211001030777;40.424378311873575;;;ShowsHalls;Cinemas
1020;Cine Renoir Retiro;DemoEM;1020;  Metro: Ibiza (líneas 9)  Bus: 15, 215, 26, 61, 63, C1, C2, 2, 28, E2, E3, E4, E5  Bicimad: Estación 61 (calle O'Donnell, 28) / Estación 181 (Ibiza, 18).;;-3.6763627973897464;40.42007851600518;;;ShowsHalls;Cinemas
1021;Cine Sala Berlanga;DemoEM;1021;  Metro: Moncloa (líneas 3, 6), Islas Filipinas (línea 7)  Bus: 2, 16, 61  Bicimad: Estación 199 (Fernando el Católico, 61);;-3.7144273694875025;40.43592165987274;;;ShowsHalls;Cinemas
1022;Cine Verdi HD;DemoEM;1022;  Metro: Quevedo (línea 2)  Bus: 149, 37, 3  Bicimad: Estación 201 (José Abascal, 2) / Estación 200 (glorieta Quevedo, 5);;-3.70408281907753;40.43662476624267;;;ShowsHalls;Cinemas
1023;Cine Yelmo Luxury Palafox;DemoEM;1023;  Metro: Bilbao (líneas 1 y 4)  Bus: 147, 40, 37, 149, 3, 21, C03  Bicimad: Estación 124 (calle Manuel Silvela, 20)  Aparcamiento: Fuencarral (27), calle Fuencarral, 111 (entre 111 y 121);;-3.7009022033424803;40.430081135559696;;;ShowsHalls;Cinemas
1024;Cines Callao;DemoEM;1024; Descripción monumental:  conjunto monumental, y sencillo en sus líneas, diseñado por el arquitecto Luis Gutiérrez Soto (1926 - 1927) con elementos decorativos neobarrocos,  art déco  y de influencia vienesa. Destaca su decoración y el torreón ;;-3.7054891255917886;40.42001256069903;;;ShowsHalls;Cinemas
1025;Cines Embajadores;DemoEM;1025;  Metro: Delicias (línea 3)  Bus: 148, 60, 78, 55, 6, E1, 59, 85  Cercanías Renfe: Delicias (líneas C1 y C10)  Bicimad: Estación 121 (paseo Santa María de la Cabeza, 58)  Estación 171 (Embajadores, 101);;-3.6985414548506554;40.40070476221974;;;ShowsHalls;Cinemas
1026;Cines Golem;DemoEM;1026;  Metro: Plaza España (líneas 3, 10)  Bus: 001, 1, 133, 138, 2, 44, 62, 74, C2, C1  Bicimad: Estación 14 (calle Ventura Rodríguez, 2)  Aparcamiento: Plaza de España (53), Plaza de España;;-3.7136954365525874;40.42470339769853;;;ShowsHalls;Cinemas
1027;Cines Princesa;DemoEM;1027;  Metro: Plaza de España (líneas 3, 10), Ventura Rodríguez (línea 3)  Bus: 001, 1, 2, 44, 62, 74, 133, 138, C2  Bicimad: Estación 14 (calle Ventura Rodríguez, 2) / Estación 116 a y b (Plaza de España)  Aparcamiento: Plaza de España (53), Plaza ;;-3.7128707959595735;40.424733058522776;;;ShowsHalls;Cinemas
1028;Cineteca Madrid;DemoEM;1028;Sala dedicada casi en exclusiva al cine de no ficción Venta anticipada en la página web Metro: Legazpi (líneas 6, 3)  Bus: 123, 22, 79, 148, 62, 45, 8, 156, 180, T32, 18, 6, 78, 19, 247, 47, 59, 76, 85, 86  Bicimad: Estación 177 (calle Bolívar,;;-3.6958079719260075;40.391053041229135;;;ShowsHalls;Cinemas
1029;Filmoteca Española. Cine Doré;DemoEM;1029;El Cine Doré es el local de la Filmoteca Española donde ésta exhibe diariamente sus programaciones cinematográficas  Metro: Tirso de Molina (línea 1), Lavapies (línea 1), Antón Martín (línea 1)  Bus: 26, 32, 6, 57  Bicimad: Estación 41 (calle A;;-3.69922751452095;40.411807323876616;;;ShowsHalls;Cinemas
1030;Pequeño Cine Estudio;DemoEM;1030;  Metro: Quevedo (línea 2)  Bus: 149, 3, 37, 16, 61  Bicimad: Estación 200 (glorieta Quevedo, 5);;-3.705430315372582;40.4324363685589;;;ShowsHalls;Cinemas
1031;Yelmo Cines Ideal 3D;DemoEM;1031;  Metro: Tirso de Molina (líneas 1), Sol (líneas 1, 2 y 3)  Autobús: 002, M1, 26, 32, 6, 65, 50  Cercanías Renfe: Sol (líneas C3 y C4)  Bicimad: Estación 40 (Plaza del Conde de Romanones, 9) / Estación 34 (Plaza de Jacinto Benavente)  Aparcamie;;-3.703799959506574;40.41381195334125;;;ShowsHalls;Cinemas
1032;Yelmo Cines Islazul 3D;DemoEM;1032;  Bus: 118;;-3.737931015705989;40.3652060762759;;;ShowsHalls;Cinemas
1033;Yelmo Cines Plenilunio 3D;DemoEM;1033;  Autobús: 77, 167, 114;;-3.588034635001023;40.4477086726212;;;ShowsHalls;Cinemas
1034;Café Teatro Serendipia;DemoEM;1034;  Metro: Pueblo Nuevo (líneas 5 y 7).  Bus: 109, 113, 38.;;-3.645847906504054;40.435190000069746;;;ShowsHalls;Theatres
1035;DT Espacio Escénico;DemoEM;1035;  Metro: Gran Vía (líneas 1, 5).  Bus: 002, 3, 46, 001, 1, 2, 74, 146  Bicimad: Estación 18 (plaza Pedro Zerolo, 1).  Aparcamiento: Plaza Pedro Zerolo (71).;;-3.700283103997518;40.42040457289982;;;ShowsHalls;Theatres
1036;El umbral de la primavera;DemoEM;1036;  Metro: Lavapiés (línea 3), Antón Martín (línea 1).  Bus: M1.  Bicimad: Estaciones 53 (calle Valencia, 1), 43 (calle Lavapiés, 34), 42 (calle Atocha, 95).  Aparcamiento: Garaje calle Amparo (75).;;-3.700394299299595;40.40952998024258;;;ShowsHalls;Theatres
1037;Espacio Gallinero;DemoEM;1037;  Metro: Carpetana (Línea 6).  Bus: 17.;;-3.7447341234745273;40.39188020285107;;;ShowsHalls;Theatres
1038;Extensión AVAM. Matadero Madrid;DemoEM;1038;La Asociación de Artistas Visuales de Madrid dispone de un espacio en Matadero destinado a  la participación, debate y visibilidad de las producciones de los artistas.  Renfe: Embajadores  Metro: Legazpi (líneas 3, 6)  Bus: 123, 22, 79, 148, 18;;-3.697259467865366;40.39241367848808;;;ShowsHalls;Theatres
1039;Fernán Gómez Centro Cultural de la Villa;DemoEM;1039;  Metro: Colón (línea 4), Serrano (línea 4)  Bus: 37, 14, 150, 27, 45, 5, 53, C03  Bicimad: Estación 93 (calle Goya, 1) / Estación 10 (calle Marqués de la Ensenada, 16)  Renfe: Recoletos  Aparcamiento: Colón (2), Plaza de Colón;;-3.6899208519663427;40.424926347610764;;;ShowsHalls;Theatres
1040;Gran Teatro CaixaBank  Príncipe Pío;DemoEM;1040;  Metro: Príncipe Pío (líneas 6, 10 y R).  Bus: 138, 148, 25, 3, 39, 46, 62, 75, C2, C1, 33, 41.  Cercanías Renfe: Príncipe Pío (C1, C7, C10 y Regional).  Bicimad: Estación 161 (paseo de la Florida, 8).;;-3.7190728318719177;40.420433378754346;;;ShowsHalls;Theatres
1041;Microteatro Por Dinero;DemoEM;1041;  Metro: Callao (líneas 3 y 5), Gran Vía (líneas 1 y 5).  Bus: 002, 001, 1, 2, 46, 74, 3.  Bicimad: Estaciones 211 (Desengaño, 1), 17 (plaza de Carlos Carbonero, 2) y 2 (calle Miguel Moya, 1).  Aparcamientos: Luna-Tudescos (14) (plaza Santa Mar;;-3.7040668231939438;40.42152574011699;;;ShowsHalls;Theatres
1042;Naves Español en Matadero;DemoEM;1042;Con la apertura de las Naves del Español se inauguró una nueva era en la producción y exhibición de las artes escénicas en Madrid. Las Naves se presentaron como un espacio abierto a la reflexión y experimentación a todas las propuestas más vang;;-3.697247685884226;40.39241374953321;;;ShowsHalls;Theatres
1043;Nuevo Teatro Alcalá;DemoEM;1043;  Metro: Príncipe de Vergara (líneas 2 y 9), Goya (líneas 2 y 4).  Bus: 146, 152, 15, 29, C1, 52, 30, 43, 21, 53, 215, 26, 61.  Bicimad: Estación 97 (avenida Menéndez Pelayo, 3), Estación 98 (plaza de Felipe II).  Aparcamiento: Velázquez Jorge ;;-3.678258596986864;40.42340075550414;;;ShowsHalls;Theatres
1044;Off Latina;DemoEM;1044;  Metro: La Latina (línea 5).  Bus: 60, 31, 50, 65.  Bicimad: Estación 38 (carrera de San Francisco, 1).;;-3.7119825698992885;40.41204479812585;;;ShowsHalls;Theatres
1045;Pequeño Teatro Gran Vía;DemoEM;1045;  Metro: Plaza de España (líneas 3, 10), Santo Domingo (línea 2).  Bus: 148, 3, 46, 75, 133, 44, 147, 001, 1, 2, 74, 25.  Bicimad: Estación 16 (calle San Bernardo, 22).  Aparcamientos: Isabel la Católica (98) (calle Isabel la Católica),  Mosten;;-3.7089562066882342;40.42240577324947;;;ShowsHalls;Theatres
1046;Réplika Teatro;DemoEM;1046;  Metro: Guzmán el Bueno (líneas 6 y 7).  Bus: 45, C2, F, C1.  Bicimad: Estación 256 (calle Beatriz de Bobadilla, 2).;;-3.7118246776358195;40.44821880668578;;;ShowsHalls;Theatres
1047;Sala Arapiles 16;DemoEM;1047;  Metro: Quevedo (línea 2)  Bus: 16, 61  Bicimad: Estación 127 (calle Fernando el Católico, 127);;-3.708159572592643;40.43312718155775;;;ShowsHalls;Theatres
1048;Sala de Teatro La Escalera de Jacob;DemoEM;1048;  Metro: Lavapies (línea 3)  Bus: M1  Bicimad: Estaciones 43 (calle Lavapiés, 34-36) y 53 (calle Valencia, 1).  Aparcamiento: Garaje Centro (68), calle Relatores, 11;;-3.7028377820426464;40.411337615129355;;;ShowsHalls;Theatres
1049;Sala de teatro. La Usina;DemoEM;1049;  Metro: Embajadores (línea 3).  Bus: 148, 60, 78, 55, 59, 6, 85.  Cercanías Renfe: Embajadores (línea C5).  Bicimad: Estación 121 (paseo Santa María de la Cabeza, 58).;;-3.7001223561771193;40.402621678076535;;;ShowsHalls;Theatres
1050;Sala Intemperie Teatro;DemoEM;1050;  Metro: Bilbao (líneas 1 y 4), Noviciado (líneas 2, 3 y 19), San Bernando (líneas 2 y 4), Tribunal (líneas 1 y 10)  Bus: 002, 40, 149  Bicimad: Estación 11 (calle San Andrés 18) / estación 59 (calle Espíritu Santo, 30);;-3.7033578831789087;40.42680810753587;;;ShowsHalls;Theatres
1051;Sala Nave 73;DemoEM;1051;  Metro: Embajadores (línea 3), Palos de la frontera (línea 3).  Bus: 59, 6, 85, 148, 60, 78, 55.  Cercanías Renfe: Embajadores (línea C5).  Bicimad: Estación 121 (paseo de Santa María de la Cabeza, 58).;;-3.6987020172137433;40.40316180456706;;;ShowsHalls;Theatres
1052;Sala Teatro Azarte;DemoEM;1052;  Metro: Chueca (línea 5).  Bus: 3.  Bicimad: Estaciones 58 (calle Augusto Figueroa, 33) y 18 (plaza de Pedro Zerolo,1).  Aparcamientos: Plaza Pedro Zerolo (71), Mercado San Antón (94).;;-3.698360306512048;40.42140719770071;;;ShowsHalls;Theatres
1053;Sala Teatro El Foro del Arte;DemoEM;1053;  Metro: Acacias (Línea 5), Embajadores (línea 3).  Bus: 148, 41, 60, C03, C1, C2.  Cercanías Renfe: Embajadores (línea C5).  Bicimad: Estación 46 (calle Ribera de Curtidores, 28).  Aparcamiento: Casino de la Reina (19) calle Casino.;;-3.706986086212601;40.4065831111567;;;ShowsHalls;Theatres
1054;Sala Teatro Exlímite;DemoEM;1054;  Bus  : 6, 60, 81, 78.;;-3.7089976569199914;40.38061717586449;;;ShowsHalls;Theatres
1055;Soho Club Teatro;DemoEM;1055;  Metro: Plaza de España (líneas 3 y 10).  Bus: 148, 25, 3, 39, 46, 75, 001, 1, 2, 74, 133, 44.  Bicimad: Estaciones 116 a y b (plaza de España).  Aparcamiento: Plaza de España (53).;;-3.711936020558947;40.4225784750317;;;ShowsHalls;Theatres
1056;Sojo Laboratorio Teatral.;DemoEM;1056;  Metro: Pirámides (línea 5).  Bus: 18, 23, 35, 17, 41, C03.  Cercanías Renfe: Pirámides (líneas C1, C10 y Regional).  Bicimad: Estación 162 (paseo de los Olmos, 28).;;-3.7121651506836235;40.404543298550344;;;ShowsHalls;Theatres
1057;Tablao Cafetín La Quimera;DemoEM;1057;  Metro: Sol (líneas 1, 2 y 3), Tirso de Molina (línea 1), La Latina (línea 5).  Bus: 31, 50, 65, 17, 002, 18, 23, M1, 35.  Bicimad: Estaciones 32 (plaza de la Provincia, 1), 9 (plaza de San Miguel, 9), 35 (plaza del Cordón).  Cercanías RENFE: ;;-3.7079639628064585;40.41455139884737;;;ShowsHalls;Theatres
1058;Tablao Flamenco Café Ziryab;DemoEM;1058;  Metro: Acacias (línea 5), Embajadores (línea 3), Pirámides (línea 5).  Bus: 62.  Cercanías Renfe: Pirámides (líneas C1, C7, C10), Embajadores (línea C5).  Bicimad: Estaciones 170 (paseo de la Esperanza, 21) y 163 (paseo de la Esperanza, 2).;;-3.705138659259797;40.402248850411304;;;ShowsHalls;Theatres
1059;Tablao Flamenco Candela;DemoEM;1059;  Metro: Antón Martín (línea 1).  Bus: M1.  Bicimad: Estación 41 (calle Atocha, 54) y 43 (calle Lavapiés, 34).  Aparcamiento: Garaje Centro (68) calle Relatores, 11.;;-3.70155764657445;40.411468882602335;;;ShowsHalls;Theatres
1060;Tablao Flamenco Cardamomo;DemoEM;1060;  Metro: Sevilla (línea 2), Antón Martín (línea 1), Sol (líneas 1, 2 y 3).  Bus: 002, M1.  Cercanías Renfe: Sol (líneas C3, C4 y Regional).  Bicimad: Estación 52 (plaza Santa Ana, 10).  Aparcamiento: Plaza de Santa Ana (77).;;-3.699548238936712;40.415463057589214;;;ShowsHalls;Theatres
1061;Tablao Flamenco Corral de la Morería;DemoEM;1061;  Metro: La Latina (línea 5).  Bus: 31, 50, 65.  Bicimad: Estación 166 (calle Segovia, 26).;;-3.7142642886798996;40.412706403145705;;;ShowsHalls;Theatres
1062;Tablao Flamenco El Lucero;DemoEM;1062;  Metro: Banco de España (línea 2)  Bus: 001, 10, 14, 27, 34, 37, 45, C03.  Bicimad: Estación 29 (calle del Marqués de Cubas, 25).  Aparcamiento: Plaza de las Cortes (46).;;-3.6957342044022425;40.41626690688702;;;ShowsHalls;Theatres
1063;Tablao Flamenco La Carmela;DemoEM;1063;  Metro: Sol (líneas 1, 2 y 3).  Bus: 002, M1, 15, 150, 20, 5, 53.  Cercanías Renfe: Sol (líneas C3, C4 y Regional).  Bicimad: Estaciones 33 (calle Carretas, 8), 1a y 1b (Puerta del Sol, 1).;;-3.701737920263045;40.41630783060771;;;ShowsHalls;Theatres
1064;Tablao Flamenco La Estación de los Porches;DemoEM;1064;  Bus: 102, 24.;;-3.672208524314873;40.388034703602294;;;ShowsHalls;Theatres
1065;Tablao Flamenco La Taberna de Mister Pinkleton;DemoEM;1065;  Metro: Sol (líneas 1, 2 y 3), Tirso de Molina (línea 1), La Latina (línea 5).  Bus: 31, 50, 65, 17, 002, 18, 23, M1, 35.  Cercanías Renfe: Sol (líneas C3 y C4).  Bicimad: Estaciones 32 (plaza de la Provincia, 1), 9 (plaza de San Miguel, 9), 3;;-3.7079639628064585;40.41455139884737;;;ShowsHalls;Theatres
1066;Tablao flamenco Las Tablas;DemoEM;1066;  Metro: Plaza de España (líneas 3, 10), Príncipe Pío (líneas 6, 10 y Ramal), Santo Domingo (línea 2).  Bus: 138, 148, 25, 3, 39, 46, 62, 75, C1, C2.  Cercanías Renfe: Príncipe Pío (líneas C1, C7, C10 y Regional).  Bicimad: Estaciones 116 a y b;;-3.713678674361515;40.42198032023045;;;ShowsHalls;Theatres
1067;Tablao Flamenco Torero;DemoEM;1067;  Metro: Sol (líneas 1, 2 y 3).  Bus: 002, M1, 26, 32, 6, 65.  Cercanías Renfe: Sol (líneas C3, C4 y Regional).  Bicimad: Estaciones 34 (plaza de Jacinto Benavente), 33 (calle Carretas, 8), 52 (plaza de Santa Ana, 10).  Aparcamientos: Plaza Jac;;-3.7026944132785204;40.41491309678971;;;ShowsHalls;Theatres
1068;Tablao Flamenco Torres Bermejas;DemoEM;1068;  Metro: Callao (líneas 3 y 5), Gran Vía (líneas 1 y 5).  Bus: 001, 1, 2, 3, 46, 74, 002.  Cercanías Renfe: Sol (líneas C3 y C4).  Bicimad: Estaciones 210 (Tres Cruces, 7), 211 (Desengaño, 1), 2 (calle Miguel Moya, 1).  Aparcamiento: El Corte I;;-3.7041793844860695;40.419885409942566;;;ShowsHalls;Theatres
1069;Teatro Alfil;DemoEM;1069;  Metro: Noviciado (línea 2).  Bus: 002.  Bicimad: Estación 17 (plaza de Carlos Cambronero, 2).  Aparcamiento: Luna-Tudescos (14) plaza Santa María Soledad Torres Acosta.;;-3.7044727114319844;40.4231448936827;;;ShowsHalls;Theatres
1070;Teatro Amaya;DemoEM;1070;  Metro: Iglesia (línea 1).  Bus: 16, 5, 61, 3, 37.  Bicimad: Estaciones 125 (calle Fernández de la Hoz, 29) y 246 (calle Santa Engracia, 87).;;-3.697193610846834;40.43513498732234;;;ShowsHalls;Theatres
1071;Teatro Arlequín Gran Vía;DemoEM;1071;  Metro: Santo Domingo (línea 2), Callao (líneas 3 y 5).  Bus: 133, 44, 001, 1, 2, 3, 46, 74, 147, 148, 75.  Bicimad: Estación 23 (plaza Santo Domingo, 1).  Aparcamiento: Isabel la Católica (98).;;-3.7083051475459974;40.421022372676056;;;ShowsHalls;Theatres
1072;Teatro Auditorio Casa de Campo;DemoEM;1072;Tiene una excelente calidad acústica y visual y es perfecto para la celebración de conciertos, funciones teatrales, seminarios, convenciones y espectáculos. Dispone de un escenario semicircular, cafetería y amplias zonas de acceso.  Metro: Lago;;-3.7411161249274913;40.41359310144815;;;ShowsHalls;Theatres
1073;Teatro Bellas Artes;DemoEM;1073;  Metro: Banco de España (línea 2).  Bus: 001, 146, 150, 5, 51, 52, 53, 9, 1, 2, 74, 002, 3, 46, 15, 20, 14, 27, 37, 45, C03.  Bicimad: Estaciones 20a (calle Alcalá, 49), 28 (calle Alcalá, 27).  Aparcamientos: Sevilla (41) (calle Sevilla con ca;;-3.6964190351426174;40.418337815969636;;;ShowsHalls;Theatres
1074;Teatro Calderón;DemoEM;1074;  Metro: Tirso de Molina (línea 1), Sol (líneas 1, 2 y 3).  Bus: 002, M1, 26, 32, 6, 65, 50.  Cercanías Renfe: Sol (líneas C3, C4).  Bicimad: Estación 34 (plaza Jacinto Benavente).  Aparcamiento: Plaza Jacinto Benavente (15).;;-3.703363300804268;40.41396242769233;;;ShowsHalls;Theatres
1075;Teatro Centro del Actor;DemoEM;1075;  Metro: Carabanchel (línea 5)  Bus: 35;;-3.743020950442359;40.38586748767665;;;ShowsHalls;Theatres
1076;Teatro Circo Price;DemoEM;1076;Toma su nombre del que existió, durante casi un siglo, en el Paseo de Recoletos. A comienzos del 2000, el Ayuntamiento recuperó el antiguo edificio industrial de una fábrica, de estilo neomudéjar, para ubicar el nuevo Teatro Circo Price que des;;-3.698601359753866;40.40596423138839;;;ShowsHalls;Theatres
1077;Teatro Cofidis Alcázar;DemoEM;1077;  Metro: Sevilla (línea 2).  Bus: 46, 150, 5, 51, 15, 20, 53, 002, 52, M1, 146, 9, 001, 1, 2, 3, 74.  Bicimad: Estación 28 (calle Alcalá 27).  Aparcamiento: Sevilla (41), calle Sevilla con calle Alcalá.;;-3.699048171807146;40.417801427758604;;;ShowsHalls;Theatres
1078;Teatro Coliseum;DemoEM;1078;  Metro: Plaza de España (líneas 3 y 10), Noviciado (línea 2).  Bus: 001, 1, 133, 2, 44, 74, 3, 46, 25, 148, 75, 39, 002.  Bicimad: Estaciones 116 a y b (plaza de España).  Aparcamientos: Plaza de España (53), plaza Montenses (50).;;-3.7036959273154326;40.422131603573256;;;ShowsHalls;Theatres
1079;Teatro de la Abadía;DemoEM;1079;  Metro: Quevedo (línea 2), Canal (línea 2, 7) Islas Filipinas (línea 7).  Bus: 16, 61, 2.  Bicimad: Estaciones 245 (calle Galileo, 63), 127 (calle Fernando el Católico, 19).;;-3.709208726699302;40.43522406333126;;;ShowsHalls;Theatres
1080;Teatro de la Comedia. Compañía Nacional de Teatro Clásico;DemoEM;1080;  Metro: Sevilla (línea 2), Sol (líneas 1, 2, y 3).  Bus: 002, M1, 15, 150, 20, 5, 53.  Cercanías Renfe: Sol (líneas C3, C4 y Regional).  Bicimad: Estaciones 52 (plaza de Santa Ana, 10), 1a y 1b (Puerta del Sol, 1).  Aparcamiento: Plaza de Sant;;-3.7004107649636144;40.41566504361928;;;ShowsHalls;Theatres
1081;Teatro de la Escuela;DemoEM;1081;  Metro: Tribunal (líneas 1 y 10)  Bus: 002  Bicimad: Estación 11 (calle San Andrés, 18) / estación 59 (Calle Espíritu Santo, 30);;-3.7030590988558933;40.42628172562985;;;ShowsHalls;Theatres
1082;Teatro de la Zarzuela;DemoEM;1082;  Metro: Sevilla (línea 2).  Bus: 53, 15, 20, 150, 5, 001, 146, 51, 52, 9, 002, 1, 2, 3, 46, 74.  Bicimad: Estación 28 (calle Alcalá, 27) y 29 (calle de Marqués de Cubas, 25).  Aparcamientos: Cortes (46), plaza de las Cortes, Sevilla (41) calle;;-3.6968669041846796;40.4171909688133;;;ShowsHalls;Theatres
1083;Teatro de las Aguas;DemoEM;1083;  Metro: La latina (línea 5)  Bus: 60, SE712  Bicimad: Estación 38 (carrera de San Francisco, 1) / estación 37 (plaza de San Francisco, 5);;-3.7036959273154326;40.422131603573256;;;ShowsHalls;Theatres
1084;Teatro del Barrio;DemoEM;1084;  Metro: Lavapiés (línea 3), Antón Martín (línea 1).  Bus: M1, 26, 32, 6.  Bicimad: Estaciones 42 (calle Santa Isabel, 32) y 53 (calle Valencia, 1).  Aparcamiento: Garaje Amparo (75) calle Amapero.;;-3.699123015201178;40.409681819217646;;;ShowsHalls;Theatres
1085;Teatro EDP Gran Vía;DemoEM;1085;  Metro: Santo Domingo (línea 2), Plaza de España (líneas 3, 10).  Bus: 148, 3, 46, 75, 133, 44, 147, 001, 1, 2, 74, 25.  Bicimad: Estación 16 (calle San Bernardo, 22).  Aparcamientos: Isabel la Católica (98) calle Isabel la Católica, Plaza Mos;;-3.7089562066882342;40.42240577324947;;;ShowsHalls;Theatres
1086;Teatro Español;DemoEM;1086;La historia del Teatro Español de Madrid comienza el 21 de septiembre de 1583,  momento en el que tiene lugar su primera representación, y continúa hasta el día de hoy, convirtiéndose así en el teatro más antiguo del mundo en cuanto a represent;;-3.7001663599562105;40.41482868269558;;;ShowsHalls;Theatres
1087;Teatro Estudio 2 Manuel Galiana;DemoEM;1087;  Metro: Embajadores (línea 3), Acacias (línea 5).  Bus: 148, 60, 78, 116, 118, 119, 34, 36.  Cercanías Renfe: Embajadores (línea C5).  Bicimad: Estación 47 (glorieta de Embajadores, 6).;;-3.7026740157487428;40.40321881564558;;;ShowsHalls;Theatres
1088;Teatro Fígaro - Adolfo Marsillach;DemoEM;1088;  Metro: Tirso de Molina (línea 1).  Bus: 002, M1, 26, 32, 6, 65, 50.  Bicimad: Estaciones 34 (plaza de Jacinto Benavente) y 40 (plaza del Conde de Romanones, 9).  Aparcamientos: Plaza Jacinto Benavente (15), Garaje Centro (68) calle Relatores,;;-3.703676260061599;40.41345601671212;;;ShowsHalls;Theatres
1089;Teatro Infanta Isabel;DemoEM;1089;  Metro: Chueca (línea 5), Banco de España (línea 2).  Bus: 37.  Cercanías Renfe: Recoletos (líneas C1, C2, C7 y C10).  Bicimad: Estación 19 (calle Prim, 2).  Aparcamientos: Gravina 21 (89), Garaje Piamonte (96) calle Piamonte.;;-3.6955867306586354;40.42221671356561;;;ShowsHalls;Theatres
1090;Teatro Karpas;DemoEM;1090;  Metro: Anton Martín (línea 1), Lavapies (línea 3).  Bus: 26, 32, 6.  Bicimad: Estación 42 (calle Santa Isabel, 32).;;-3.6977049393895824;40.41045615490087;;;ShowsHalls;Theatres
1091;Teatro La Belloch;DemoEM;1091;  Metro: Delicias (línea 3).  Bus: 55, 60, 62.  Cercanías Renfe: Delicias (líneas C1, C10 y Regional).  Bicimad: Estaciones 173 (paseo de la Esperanza, 59) y 171 (calle Embajadores, 101).;;-3.7036959273154326;40.422131603573256;;;ShowsHalls;Theatres
1092;Teatro La Corsetería - NTF;DemoEM;1092;  Metro: Tirso de Molina (línea 1).  Bus: 26, 32, 6, M1, 002, 50, 65.  Bicimad: Estaciones 43 (calle Lavapiés, 34), 44 (calle Mesón de Paredes, 35), 40 (plaza del Conde de Romanones, 9).  Aparcamiento: Garaje Centro (68) calle Relatores, 11.;;-3.703481650678806;40.411745481650485;;;ShowsHalls;Theatres
1093;Teatro La Encina;DemoEM;1093;  Metro: Acacias (línea 5), Delicias (línea 3).  Bus: 148, 60, 78, 116, 118.  Cercanías Renfe: Embajadores (línea C5).  Bicimad: Estación 47 (glorieta de Embajadores, 6).;;-3.7028123300797953;40.402920675882314;;;ShowsHalls;Theatres
1094;Teatro la Latina;DemoEM;1094;  Metro: La Latina (Línea 5).  Bus: 002, 17, 18, 23, 35, 60, M1.  Bicimad: Estación 39 (plaza de la Cebada, 16).  Aparcamiento: Mercado plaza de la Cebada (501).;;-3.708781739576842;40.411397795053;;;ShowsHalls;Theatres
1095;Teatro Lagrada;DemoEM;1095;  Metro: Embajadores (línea 3), Acacias (línea 5).  Bus: 148, 60, 78.  Cercanías Renfe: Embajadores (línea C5).  Bicimad: Estación 47 (glorieta de Embajadores, 6).;;-3.70289238039068;40.40268595360097;;;ShowsHalls;Theatres
1096;Teatro Lara;DemoEM;1096;  Metro: Callao (líneas 3, 5).  Bus: 002, 001, 1, 2, 46, 74.  Bicimad: Estación 17 (plaza de Carlos Carbonero, 2).  Aparcamiento: Luna-Tudescos (14), plaza Santa María Soledad Torres Acosta con vuelta a calle Luna).;;-3.7044498348290293;40.42208196713365;;;ShowsHalls;Theatres
1097;Teatro Lope de Vega;DemoEM;1097;  Metro: Santo Domingo (línea 2), Plaza de España (línea 3 y 10), Callao (líneas 3 y 5).  Bus: 147, 133, 3, 001, 1, 148, 2, 44, 46, 74, 75.  Bicimad: Estación 16 (calle San Bernardo, 22).  Aparcamiento: Isabel la Católica (98) calle de Isabel l;;-3.7088800933302783;40.42189272510087;;;ShowsHalls;Theatres
1098;Teatro Maravillas;DemoEM;1098;  Metro: Bilbao (líneas 1, 4).  Bus: 147, 21, C03, 149, 3, 37, 40.  Bicimad: Estación 4 (calle Manuela malasaña, 5) y 5 (calle Fuencarral, 108).  Aparcamiento: Fuencarral (27), calle Fuencarral, 111 (entre 111 y 121).;;-3.703103946758172;40.428675760717795;;;ShowsHalls;Theatres
1099;Teatro María Guerrero.;DemoEM;1099;  Metro: Colón (línea 4), Banco de España (línea 2), Chueca (línea 5).  Bus: 37, 14, 150, 27, 45, 5, 53, C03.  Cercanías Renfe: Recoletos (líneas C1, C2, C7, C10 y Regional).  Bicimad: Estación  26 (plaza de las Salesas, 7).  Aparcamiento: Gara;;-3.693071021887218;40.42288948179915;;;ShowsHalls;Theatres
1100;Teatro Marquina;DemoEM;1100;  Metro: Banco de España (línea 2), Chueca (línea 5), Colón (línea 4).  Bus: 37, 14, 150, 27, 45, 5, 53, C03, 001, 1, 146, 15, 2, 20, 203, 51, 52, 74, 9.  Cercanías Renfe: Recoletos (líneas C1, C2, C7, C10, Regional).  Bicimad: Estación 19 (cal;;-3.6937451531542638;40.42195750772574;;;ShowsHalls;Theatres
1101;Teatro Monumental;DemoEM;1101;  Metro: Antón Martín (línea 1).  Bús: 26, 32, 6, 002, M1.  Bicimad: Estación 41 (calle Atocha, 54).;;-3.699161734460963;40.41248873703834;;;ShowsHalls;Theatres
1102;Teatro Municipal de Títeres. Parque de El Retiro;DemoEM;1102;Dentro del parque de El Retiro, muy cerca de la entrada desde la plaza de la Independencia, donde se encuentra la Puerta de Alcalá, está el Teatro de Títeres, toda una institución para el público infantil madrileño.  Este teatro permanente ofre;;-3.6866519471003647;40.41878362561595;;;ShowsHalls;Theatres
1103;Teatro Municipal de Vallecas;DemoEM;1103;Para la construcción del teatro se ha remodelado el antiguo salón de actos de la Biblioteca Gerardo Diego. Cuenta con cien butacas y se especializa en la programación de teatro y de cine. Alberga la escuela de teatro de Vallecas, cuyo inicio es;;-3.6229095774784765;40.37762362093048;;;ShowsHalls;Theatres
1104;Teatro Muñoz Seca;DemoEM;1104;  Metro: Sol (líneas 1, 2 y 3), Gran Vía (líneas 1 y 5), Sevilla (línea 2).  Bus: 002.  Cercanías Renfe: Sol (líneas C3, C4 y Regional).  Bicimad: Estación 56 (plaza del Carmen, 1).  Aparcamiento: Plaza del Carmen (8).;;-3.7032798991593827;40.41840439358014;;;ShowsHalls;Theatres
1105;Teatro Nuev9 Norte;DemoEM;1105;  Metro: Noviciado (línea 2).  Bus: 002, 147, 3.  Bicimad: Estación 15 (calle San Vicente Ferrer, 64).;;-3.70761486653819;40.4260176028424;;;ShowsHalls;Theatres
1106;Teatro Nuevo Apolo;DemoEM;1106;  Metro: Tirso de Molina (línea 1).  Bus: 26, 32, 6, M1, 002, 50, 65.  Bicimad: Estación 40 (plaza del Conde de Romanones, 9).  Aparcamiento: Garaje Centro (68), calle Relatores, 11.;;-3.703369987899476;40.41234075831118;;;ShowsHalls;Theatres
1107;Teatro Pradillo;DemoEM;1107;  Metro: Concha Espina (línea 9).  Bus: 16, 29, 52.;;-3.6747261219408607;40.44856560554628;;;ShowsHalls;Theatres
1108;Teatro Príncipe Gran Vía;DemoEM;1108;  Metro: Gran Vía (líneas 1, 5).  Bus: 002, 001, 1, 2, 46, 74, 3.  Bicimad: Estación 210 (Tres Cruces, 7).  Aparcamiento: plaza del Carmen (8).;;-3.702760005318704;40.41941656735497;;;ShowsHalls;Theatres
1109;Teatro Quique San Francisco;DemoEM;1109;  Metro: Quevedo (línea 2).  Bus: 2, 16, 61.  Bicimad: Estación 127 (calle Fernando el Católico, 19).;;-3.7104543597957758;40.43371190964793;;;ShowsHalls;Theatres
1110;Teatro Reina Victoria;DemoEM;1110;  Metro: Sol (líneas 1, 2 y 3), Sevilla (línea 2).  Bus:002, M1, 15, 150, 20, 5, 53, 46, 51.  Cercanías Renfe: Sol (líneas C3, C4 y Regional).  Bicimad: Estaciones 1a y 1b (Puerta del Sol, 1), 28 (calle Alcalá, 27).  Aparcamiento: Sevilla (41),;;-3.699818451104129;40.41651548060074;;;ShowsHalls;Theatres
1111;Teatro Rialto;DemoEM;1111;  Metro: Santo Domingo (línea 2), Callao (líneas 3 y 5).  Bus: 001, 1, 133, 147, 148, 2, 44, 46, 74, 75, 3.  Bicimad: Estaciones 23 (plaza de Santo Domingo, 1), 2 (calle Miguel Moya, 1), 22 (calle Jacometrezo, 3), 16 (San Bernardo, 22).  Aparca;;-3.707377753413243;40.42138841205714;;;ShowsHalls;Theatres
1112;Teatro Sala Cuarta Pared;DemoEM;1112;  Metro: Embajadores (línea 3), Acacias (línea 5).  Bus: 148, 60, 78, 116, 118.  Cercanías Renfe: Embajadores (línea C5).  Bicimad: Estación 47 (glorieta de Embajadores, 6).;;-3.7027165608127723;40.402777112937486;;;ShowsHalls;Theatres
1113;Teatro Sala Mirador;DemoEM;1113;  Metro: Lavapiés (Línea 3), Embajadores (línea 3).  Bus: 119, 27, 34, 36, 41, C03, C1, C2, M1.  Cercanías Renfe: Embajadores (línea C5).  Bicimad: Estación 49 (ronda de Atocha, 34).;;-3.6988988076525446;40.40706813699774;;;ShowsHalls;Theatres
1114;Teatro Sanpol;DemoEM;1114;  Metro: Príncipe Pío (Líneas 6, 10, Ramal).  Bus: 41, 75, 46.  Renfe: Príncipe Pío (líneas C1, C7, C10 y Regional).  Bicimad: Estación 161 (paseo de la Florida, 8).;;-3.7265957347882104;40.4239449097705;;;ShowsHalls;Theatres
1115;Teatro Tarambana;DemoEM;1115;  Metro: Carabanchel (línea 5).  Bus: 35.;;-3.7432218183125814;40.38580301942374;;;ShowsHalls;Theatres
1116;Teatro Tribueñe;DemoEM;1116;  Metro: Ventas (líneas 2, 5), Manuel Becerra (líneas 2 y 6).  Bus: 12.  Bicimad: Estación 185 (Sancho Dávila esquina Paseo Marqués de Zafra).;;-3.6615996399032054;40.425569368259886;;;ShowsHalls;Theatres
1117;Teatro Valle Inclán. Centro Drámatico Nacional;DemoEM;1117;  Metro: Lavapiés (línea 3).  Bus: M1.  Bicimad: Estación 53 (calle de Valencia, 1).  Aparcamiento: Garaje calle Amparo (75).;;-3.7004845788684912;40.40800690285846;;;ShowsHalls;Theatres
1118;Teatro Victoria;DemoEM;1118;  Metro: Noviciado (línea 2).  Bus: 002.  Bicimad: Estaciones 16 (calle San Bernardo, 22) y 17 (plaza de Carlos Carbonero, 2).;;-3.705611071847053;40.42378660181596;;;ShowsHalls;Theatres
1119;Teatros del Canal;DemoEM;1119;Descripción monumental: Arquitecto Juan Navarro Baldeweg. Inaugurado oficialmente el 20 de febrero de 2009. Venta de localidades:     Internet:  A través de cada uno de los espectáculos en la web.  Taquillas.    Descuentos habituales: mayores d;;-3.705057921443053;40.43854675141601;;;ShowsHalls;Theatres
1120;Teatros Luchana;DemoEM;1120;  Metro: Iglesia (línea 1), Bilbao (línea 1 y 4), Alonso Martínez( línea 4, 5 y 10), Quevedo (línea 2).  Bus: 147, 40, 3, 37.  Bicimad: Estación 124 (calle Manuel Silvela, 20).  Aparcamiento: Plaza de Olavide (52).;;-3.698186306223295;40.43193980366074;;;ShowsHalls;Theatres
1121;Teatro. Arte &amp, Desmayo;DemoEM;1121;  Metro: Marques de Vadillo (Línea 5).  Bus: 116.;;-3.7135685613542195;40.394818706807854;;;ShowsHalls;Theatres
1122;Teatro. Artespacio Plot Point;DemoEM;1122;  Metro: Embajadores (línea 3), Acacias (línea 5).  Autobuses: 148, 60, 78.  Cercanías Renfe: Embajadores (línea C5).  Bicimad: Estación 170 (paseo de la Esperanza, 21).;;-3.7020477784084793;40.40192531437177;;;ShowsHalls;Theatres
1123;Teatro. Bululú 2120;DemoEM;1123;  Metro: Palos de la Frontera (línea 3), Delicias (línea 3).  Bus: 19, 247, 45, 47, 8, 86, 55, 6, 59, 85.  Cercanías Renfe: Delicias (Líneas C1, C10 y Regional).  Bicimad: Estaciones 121 (paseo de Santa María de la Cabeza, 58), 120 (calle Palos;;-3.6965212526388838;40.401958738062355;;;ShowsHalls;Theatres
1124;Teatro. Mínima espacio escénico;DemoEM;1124;  Metro: Embajadores (línea 3), Lavapies (línea 3)  Bus: 119, 27, 34, 36, 41, C03, C1, C2  Cercanías Renfe: Embajadores (línea C5)  Bicimad: Estación 49 (ronda de Atocha, 34);;-3.698011525994152;40.40704888094098;;;ShowsHalls;Theatres
1125;Teseo Teatro;DemoEM;1125;  Metro: Puerta de Toledo (línea 5).  Bus: 148, 3, C2, C1, 41.  Bicimad: Estación 236 (paseo Imperial, 20).  Aparcamiento: Parking VOT (97), Ventosa.;;-3.7159050283874873;40.408489029770145;;;ShowsHalls;Theatres
1126;Theatre for the people;DemoEM;1126;  Metro: Noviciado (línea 2), Chueca (línea 5), Tribunal (líneas 1 y 10), Callao (línea 3 y 5), Gran Vía (líneas 1 y 5).  Bus: 002.  Bicimad: Estación 17 (plaza de Carlos Carbonero, 2).  Aparcamiento: Luna-Tudescos (14) plaza Santa María Soleda;;-3.703883251330829;40.42313947499592;;;ShowsHalls;Theatres
1127;Auditorio al aire libre Berlín;DemoEM;1127;Su mantenimiento es competencia de la Junta de Distrito de Chamartín.  Actividades: espectáculos variados durante los meses de verano.  Metro: Concha Espina (línea 9).  Bus: 16, 29, 52.  Bicimad: Estación 197 (avenida de Concha Espina, 34).  Ap;;-3.6755539136331894;40.449208447370104;;;ShowsHalls;Auditoriums/ConcertHalls
1128;Auditorio al aire libre. Carlos Jiménez de Parga;DemoEM;1128;Su mantenimiento es competencia de la Junta de Distrito de Puente de Vallecas.  Actividades: espectáculos variados durante los meses de verano. Espacio abierto, acceso directo sin vallado.  Metro: Miguel Hernández (línea 1).  Bus: 144, 54.;;-3.6382516529937448;40.389925582492495;;;ShowsHalls;Auditoriums/ConcertHalls
1129;Auditorio al aire libre. Centro Cultural el Pozo;DemoEM;1129;Su mantenimiento es competencia de la Junta de Puente de Vallecas.  Actividades: espectáculos variados durante los meses de verano. Espacio con vallado perimetral y puerta de acceso.  Bus: 102, 24.  Cercanías Renfe: El Pozo (líneas C2 y C7).;;-3.6607580022990196;40.372060226614956;;;ShowsHalls;Auditoriums/ConcertHalls
1130;Auditorio al aire libre. Entrevías;DemoEM;1130;Su mantenimiento es competencia de la Junta de Puente de Vallecas.  Actividades: espectáculos variados durante los meses de verano. Espacio con vallado perimetral y puerta de acceso.  Bus: 111, 102.;;-3.671950235640722;40.37302468875877;;;ShowsHalls;Auditoriums/ConcertHalls
1131;Auditorio al aire libre. Parque Aluche;DemoEM;1131;Su mantenimiento es competencia de la Junta de Distrito de Latina.  Actividades: espectáculos variados durante los meses de verano.  Metro: Aluche (línea 5).   Bus: 121, 25.   Cercanías RENFE: Aluche (línea C5).;;-3.7593572957930554;40.392680212409495;;;ShowsHalls;Auditoriums/ConcertHalls
1132;Auditorio al aire libre. Parque Amós Acero;DemoEM;1132;Su mantenimiento es competencia de la Junta de Distrito de Puente de Vallecas.  Actividades: Espectáculos variados durante los meses de verano. Espacio abierto, acceso directo sin vallado.  Bus: 24, 103, 111, 57, 144.;;-3.6661371810507912;40.38840792931046;;;ShowsHalls;Auditoriums/ConcertHalls
1133;Auditorio al aire libre. Parque Cerro Almodóvar;DemoEM;1133;Su mantenimiento es competencia de la Junta de Distrito de Latina.  Actividades: espectáculos variados durante los meses de verano.  Metro: Carpetana (línea 6).  Bus: Líneas EMT 17, 25 y 500.;;-3.744692836307442;40.39420802732146;;;ShowsHalls;Auditoriums/ConcertHalls
1134;Auditorio al aire libre. Parque de Canillejas;DemoEM;1134;Su mantenimiento es competencia de la Junta de Distrito de San Blas - Canillejas.  Actividades: espectáculos variados durante los meses de verano.  Metro: Torre Arias (línea 5).  Bus: 28, 48, N5.;;-3.6111693057729117;40.44260378345522;;;ShowsHalls;Auditoriums/ConcertHalls
1135;Auditorio al aire libre. Parque de la Cuña Verde;DemoEM;1135;Actividades: cine de verano y espectáculos musicales.  Bus: 140, E4.;;-3.6325060663892805;40.41122222440268;;;ShowsHalls;Auditoriums/ConcertHalls
1136;Auditorio al aire libre. Parque de la Vaguada;DemoEM;1136; Mantenimiento:Área de Gobierno de Medio Ambiente y Movilidad Metro: Peña Grande (línea 7), Barrio del Pilar (línea 9) Bus: 49 , 67 , 83 , 124 , 128 , 132 , 133 , 137;;-3.7112978051427574;40.48016602497203;;;ShowsHalls;Auditoriums/ConcertHalls
1137;Auditorio al aire libre. Parque de las Cruces;DemoEM;1137;Su mantenimiento es competencia de la Junta de Distrito de Latina. Está situado junto al estanque del Parque.  Actividades: espectáculos variados durante los meses de verano.  Metro: Aluche (línea 5). Bus: 47, 118, 121, 131, 155. Cercanías: Alu;;-3.759489504920487;40.383472075956185;;;ShowsHalls;Auditoriums/ConcertHalls
1138;Auditorio al aire libre. Parque de Olof Palme;DemoEM;1138;Su mantenimiento es competencia de Medioambiente (Parques y Jardines).  Actividades: espectáculos variados durante los meses de verano.  Metro: Plaza Elíptica (líneas 6, 11).  Bus: 247, 47, 60, 81.;;-3.712460441100476;40.384708341415276;;;ShowsHalls;Auditoriums/ConcertHalls
1139;Auditorio al aire libre. Parque de Pradolongo;DemoEM;1139;Su mantenimiento es competencia de Medioambiente. (Parques y Jardines).  Actividades: espectáculos variados durante los meses de verano.  Cercanías Renfe: Orcasitas (línea C5).   Bus: 121.;;-3.7067784594450583;40.3719863231287;;;ShowsHalls;Auditoriums/ConcertHalls
1140;Auditorio al aire libre. Parque del Calero;DemoEM;1140; Mantenimiento: Dependiente de la Junta Municipal de Distrito de Ciudad Lineal. Metro: Quintana (línea 5), Barrio de la Concepción (línea 7).  Bus: 21, 146, 48.  Bicimad: Estación 229 (calle José del Hierro, 5).;;-3.6504096146979457;40.43629956289038;;;ShowsHalls;Auditoriums/ConcertHalls
1141;Auditorio al aire libre. Parque Enrique Tierno Galván;DemoEM;1141;Su mantenimiento es competencia de la Junta de Distrito de Arganzuela.  Actividades: espectáculos variados durante los meses de verano.  Metro: Arganzuela-Planetario (línea 6).  Bus: 148, 156.;;-3.685391155439898;40.390944081814816;;;ShowsHalls;Auditoriums/ConcertHalls
1142;Auditorio al aire libre. Parque Lineal del Manzanares;DemoEM;1142;Su mantenimiento es competencia de Medioambiente (Parques y Jardines).  Actividades: espectáculos variados durante los meses de verano.  Metro: Hospital 12 de Octubre (línea 3).  Bus: 123, 23, 78.  Cercanías Renfe: Doce de Octubre (línea C5).;;-3.6914252404682903;40.379565707685856;;;ShowsHalls;Auditoriums/ConcertHalls
1143;Auditorio al aire libre. Pavones;DemoEM;1143;Su mantenimiento es competencia de la Junta de Distrito de Moratalaz.  Actividades: espectáculos variados durante los meses de verano.  Metro: Pavones (línea 9).  Bus: 71, 100, 140, 142, 144, E4, 30, 20.  Bicimad: Estación 221 (calle Hacienda d;;-3.6370875655785446;40.40142760716397;;;ShowsHalls;Auditoriums/ConcertHalls
1144;Auditorio al aire libre. Pilar García Peña (Parque Pinar del Rey);DemoEM;1144;Su mantenimiento es competencia de la Junta de Distrito de Hortaleza.  Actividades: espectáculos variados durante los meses de verano.  Bus: 73, 72, 9.;;-3.65636755952747;40.46335596968574;;;ShowsHalls;Auditoriums/ConcertHalls
1145;Auditorio al aire libre. Plaza de Ermua;DemoEM;1145;Su mantenimiento es competencia de Medioambiente (Parques y Jardines).  Actividades: espectáculos variados durante los meses de verano.  Bus: 6, 60.;;-3.7158701313563736;40.37181328202843;;;ShowsHalls;Auditoriums/ConcertHalls
1146;Auditorio al aire libre. Templete de Música - Parque del Oeste;DemoEM;1146;Su mantenimiento es competencia de la Junta de Distrito de Moncloa-Aravaca.  Actividades: espectáculos variados durante los meses de verano.  Metro: Príncipe Pío (Líneas 6, 10 y Ramal) y Plaza de España (líneas 3 y 10).  Bus: 62, 74.  Cercanías;;-3.719327791504915;40.424449819646256;;;ShowsHalls;Auditoriums/ConcertHalls
1147;Auditorio al aire libre. Templete. Plaza de la Remonta;DemoEM;1147;Su mantenimiento es competencia de la Junta de Distrito de Tetuán.  Actividades: espectáculos variados durante los meses de verano.  Metro: Valdeacederas (línea 1).  Bus: 124, 66, 49.  Bicimad: Estación 207 (calle Azucenas, 1).;;-3.6976570794379433;40.463997008119094;;;ShowsHalls;Auditoriums/ConcertHalls
1148;Auditorio Carmen Laforet (Ciudad Lineal);DemoEM;1148;Ubicado en el Centro de Mayores Carmen Laforet  Metro: Pinar de Chamartín (líneas 1, 4 y línea 1 metro ligero)  Bus: 29, 125, 129, 150;;-3.665799020694628;40.47960826297022;;;ShowsHalls;Auditoriums/ConcertHalls
1149;Auditorio de la Plaza de Chamberí - Templete;DemoEM;1149;Su mantenimiento es competencia de la Junta Municipal de Chamberí.  Actividades: espectáculos variados durante los meses de primavera, verano y otoño.  Metro: Iglesia (línea 1).  Bus: 147, 40, 3.  Bicimad: Estación 124 (calle Manuel Silvela, 20;;-3.697557153998127;40.43266432328108;;;ShowsHalls;Auditoriums/ConcertHalls
1150;Auditorio Municipal al aire libre Lola Camarena;DemoEM;1150;Su mantenimiento es competencia de la Junta de Distrito de Villa de Vallecas.  Actividades: espectáculos variados durante todo el año.  Metro: La Gavia (línea 1).  Bus: 145.;;-3.6101291550314283;40.37447621683769;;;ShowsHalls;Auditoriums/ConcertHalls
1151;Auditorio Municipal el Espinillo;DemoEM;1151;  Bus: 22 , 59 , 85 , 79 , 123;;-3.6927748531714824;40.36180966975026;;;ShowsHalls;Auditoriums/ConcertHalls
1152;Auditorio Municipal Las Trece Rosas;DemoEM;1152;Su mantenimiento es competencia de la Junta de Distrito de Villa de Vallecas.  Actividades: espectáculos variados durante todo el año.  Metro: Villa de Vallecas (línea 1).  Bus: 54, 58, 103, 142 y 143.  Cercanías Renfe: Vallecas (líneas C2 y C7;;-3.617532420014534;40.38024517813902;;;ShowsHalls;Auditoriums/ConcertHalls
1153;Auditorio Nacional de Música;DemoEM;1153;Organismo dependiente del Instituto Nacional de las Artes Escénicas y de la Música (Ministerio de Cultura y Deporte). Obra del arquitecto José María García de Paredes, fue inaugurado el 21 de octubre de 1988 y su construcción fue programada den;;-3.6779448874160314;40.44615938706209;;;ShowsHalls;Auditoriums/ConcertHalls
1154;Auditorio Parque de la Cuña Verde de Vicálvaro;DemoEM;1154;  Bus: 4, E3, E5.;;-3.613590118065351;40.409266465742476;;;ShowsHalls;Auditoriums/ConcertHalls
1155;Café Central;DemoEM;1155;  Metro: Antón Martín (línea 1), Sol (líneas 1, 2 y 3).  Bus: 002, M1, SE712, 26, 32, 6, 65.  Cercanías Renfe: Sol (líneas C3, C4 y Regional).  Bicimad: Estación 34 (Plaza Jacinto Benavente) / Estación 52 (Plaza Santa Ana, 10)  Aparcamiento: Pl;;-3.701904023779484;40.414178504157086;;;ShowsHalls;Auditoriums/ConcertHalls
1156;Café La Palma;DemoEM;1156;  Metro: Noviciado (línea 2)  Bus: 002, 147, 3  Bicimad: Estación 15 (calle San Vicente Ferrer, 64);;-3.708094409489715;40.42678043394236;;;ShowsHalls;Auditoriums/ConcertHalls
1157;Centro Cultural Auditorio Parque El Paraíso (San Blas - Canillejas);DemoEM;1157;  Metro: Simancas (línea 7).  Bus: 109, 38.;;-3.622184001035289;40.42996840999023;;;ShowsHalls;Auditoriums/ConcertHalls
1158;Centro Musical Joaquín Turina;DemoEM;1158;  Metro: Pinar de Chamartín (líneas 1, 4 y línea 1 metro ligero)  Bus: 29, 125, 129, 150;;-3.6666068980576436;40.47948371546377;;;ShowsHalls;Auditoriums/ConcertHalls
1159;Florida Park;DemoEM;1159;  Metro: Ibiza (línea 9)  Bus: 152, 20, 26, 63, C11;;-3.6801029355530934;40.41808359382662;;;ShowsHalls;Auditoriums/ConcertHalls
1160;Independance Club;DemoEM;1160;  Metro: Estación del Arte (línea 1)  Bus: 26, 32, 6, 001, 10, 14, 27, 34, 37, 45, C03, E1  Bicimad: Estación 67 (calle Almadén, 28) / Estación 81 (Plaza Emperador Carlos V, 11) / Estación 50 (calle Santa Isabel, 57)  Aparcamiento: Sánchez Bust;;-3.6928774759221272;40.409630697339814;;;ShowsHalls;Auditoriums/ConcertHalls
1161;La Sala Live;DemoEM;1161;  Metro: Eugenia de Montijo (línea 5)  Bus: 17, 35;;-3.7474375780696736;40.38348754068021;;;ShowsHalls;Auditoriums/ConcertHalls
1162;Pabellón Multiusos Madrid Arena (Recinto Ferial Casa de Campo);DemoEM;1162;Recinto de gran espectacularidad, apropiado para desarrollar ferias, actos deportivos, corporativos o espectáculos. Es un lugar de encuentro para desarrollar grandes eventos. De planta circular y coronado por una imponente cúpula, es extremadam;;-3.7384704159174076;40.41352730435772;;;ShowsHalls;Auditoriums/ConcertHalls
1163;Quiosco de Música - Templete Cantaor José Menese;DemoEM;1163;Su mantenimiento es competencia de la Junta de Distrito de Latina.  Actividades: espectáculos variados durante los meses de verano.  Metro: Puerta del Ángel (línea 6). Bus: 138, 31, 33, 36, 39, 65, 25.;;-3.725711256326908;40.412941426753434;;;ShowsHalls;Auditoriums/ConcertHalls
1164;Recinto Ferial Vicálvaro;DemoEM;1164;  Metro: Puerta de Arganda (Línea 9).  Bus: 100, 106, 159.  Cercanías RENFE: Vicálvaro (Líneas C2 y C7).;;-3.5967323694208435;40.40612043638959;;;ShowsHalls;Auditoriums/ConcertHalls
1165;Sala But;DemoEM;1165;  Metro: Tribunal (líneas 1 y 10), Alonso Martínez (líneas 4, 5 y 10), Bilbao (líneas 1 y 4)  Bus: 149, 40, 21, 37, C03  Bicimad: Estación 54 (calle Barceló, 7)  Aparcamiento: Barceló (69) calle Barceló, sin número / Arquitecto Ribera (Barceló);;-3.699808218271451;40.42690296134917;;;ShowsHalls;Auditoriums/ConcertHalls
1166;Sala Caracol;DemoEM;1166;  Metro: Palos de la Frontera (línea 3), Embajadores (línea 3)  Bus: 148, 60, 78, 119, 34, 36, 41, C03  Cercanías Renfe: Embajadores (línea C5)  Bicimad: Estación 47 (glorieta Embajadores, 6);;-3.700054055340394;40.40399146943472;;;ShowsHalls;Auditoriums/ConcertHalls
1167;Sala Caravan;DemoEM;1167;  Metro: Iglesia (línea 1)  Bus: 16, 5, 61  Bicimad: Estación 125 (calle Fernández de la Hoz, 29).;;-3.696810843113834;40.434877495729964;;;ShowsHalls;Auditoriums/ConcertHalls
1168;Sala Clamores;DemoEM;1168;  Metro: Bilbao (líneas 1, 4)  Bus: 147, 37, 40, 149  Bicimad: Estación 124 (calle manuel Silvela, 20)  Aparcamiento: Olavide (52), Plaza de Olavide;;-3.7009483655353894;40.431121286721805;;;ShowsHalls;Auditoriums/ConcertHalls
1169;Sala Contraclub;DemoEM;1169;  Metro: La Latina (línea 5).  Bus: SE712  Bicimad: Estación 166 (calle Segovia, 26).;;-3.7139441766173196;40.41252819937501;;;ShowsHalls;Auditoriums/ConcertHalls
1170;Sala Copérnico;DemoEM;1170;  Metro: Moncloa (línea 3, 6), Islas Filipinas (línea 7)  Bus: 16, 61, 2  Bicimad: Estación 199 (calle Fernando el Católico, 61);;-3.713701064096741;40.43525047036905;;;ShowsHalls;Auditoriums/ConcertHalls
1171;Sala El Sol;DemoEM;1171;  Metro: Gran Vía (línea 1 y 5)  Bus: 001, 1, 2, 3, 46, 74, 002, 146, 51  Bicimad: Estación 210 (Tres Cruces, 7) / Estación 56 (plaza del Carmen, 1)  Aparcamiento: Plaza del Carmen (8);;-3.7016354977769943;40.41896393620347;;;ShowsHalls;Auditoriums/ConcertHalls
1172;Sala Galileo Galilei;DemoEM;1172;  Metro: Islas Filipinas (línea 7), Canal (línea 2, 7)  Bus: 12, 2;;-3.709844851840886;40.438535474658956;;;ShowsHalls;Auditoriums/ConcertHalls
1173;Sala Gruta 77;DemoEM;1173;  Metro: Oporto (líneas 5 y 6)  Bus: 118, 34, 35;;-3.7314016068733746;40.390941489181294;;;ShowsHalls;Auditoriums/ConcertHalls
1174;Sala La Chocita del Loro Gran Vía;DemoEM;1174;  Metro: Plaza de España (línea 3, 10), Santo Domingo (línea 2)  Bus: 148, 3, 46, 75, 133, 44, 001, 1, 2, 74, 25, 147, 39  Bicimad: Estación 16 (calle San Bernardo, 22) / Estaciones 116 a y b (plaza de España)  Aparcamiento: Mostenses (50) / Is;;-3.709478249954353;40.42272689593852;;;ShowsHalls;Auditoriums/ConcertHalls
1175;Sala La Chocita del Loro. Avenida del Brasil;DemoEM;1175;  Metro: Cuzco (línea 10)  Bus: 11, 149;;-3.693648618521931;40.45708442003698;;;ShowsHalls;Auditoriums/ConcertHalls
1176;Sala La Chocita del Loro. Carabanchel;DemoEM;1176;  Metro: Carabanchel (línea 5)  Bus: 17, 35;;-3.7436541570839834;40.387620073190725;;;ShowsHalls;Auditoriums/ConcertHalls
1177;Sala Moby Dick;DemoEM;1177;  Metro: Santiago Bernabeu (línea 10)  Bus: 5, 149  Bicimad: Estación 154 (calle Orense, 36)  Aparcamiento: General Yag&amp,uuml,e (28), Avenida Brasil, 15;;-3.694056023965524;40.454487186392804;;;ShowsHalls;Auditoriums/ConcertHalls
1178;Sala Mon;DemoEM;1178;  Metro: Moncloa (Líneas 3 y 6), Islas Filipinas (línea 7)  Bus: 16, 61, 1, 132, 138, 44, 62, 82, C1, C2;;-3.716513924076727;40.435890728108525;;;ShowsHalls;Auditoriums/ConcertHalls
1179;Sala Tempo Audiophile Club;DemoEM;1179;  Metro: Plaza de España (líneas 3 y 10)  Bus: 001, 1, 133, 138, 2, 44, 62, 74, C1, C2, 39  Bicimad: Estaciones 116 a y b (Plaza de España) / Estación 14 (calle Ventura Rodríguez, 2)  Aparcamiento: Plaza de España (53);;-3.711910103061732;40.425297538012565;;;ShowsHalls;Auditoriums/ConcertHalls
1180;Tablao Flamenco Café Ziryab;DemoEM;1180;  Metro: Acacias (línea 5), Embajadores (línea 3), Pirámides (línea 5).  Bus: 62.  Cercanías Renfe: Pirámides (líneas C1, C7, C10), Embajadores (línea C5).  Bicimad: Estaciones 170 (paseo de la Esperanza, 21) y 163 (paseo de la Esperanza, 2).;;-3.705138659259797;40.402248850411304;;;ShowsHalls;Auditoriums/ConcertHalls
1181;Tablao Flamenco Candela;DemoEM;1181;  Metro: Antón Martín (línea 1).  Bus: M1.  Bicimad: Estación 41 (calle Atocha, 54) y 43 (calle Lavapiés, 34).  Aparcamiento: Garaje Centro (68) calle Relatores, 11.;;-3.70155764657445;40.411468882602335;;;ShowsHalls;Auditoriums/ConcertHalls
1182;Tablao Flamenco Cardamomo;DemoEM;1182;  Metro: Sevilla (línea 2), Antón Martín (línea 1), Sol (líneas 1, 2 y 3).  Bus: 002, M1.  Cercanías Renfe: Sol (líneas C3, C4 y Regional).  Bicimad: Estación 52 (plaza Santa Ana, 10).  Aparcamiento: Plaza de Santa Ana (77).;;-3.699548238936712;40.415463057589214;;;ShowsHalls;Auditoriums/ConcertHalls
1183;Tablao Flamenco Corral de la Morería;DemoEM;1183;  Metro: La Latina (línea 5).  Bus: 31, 50, 65.  Bicimad: Estación 166 (calle Segovia, 26).;;-3.7142642886798996;40.412706403145705;;;ShowsHalls;Auditoriums/ConcertHalls
1184;Tablao Flamenco Las Carboneras;DemoEM;1184;  Metro: Ópera (líneas 2, 5 y Regional).  Bus: 31, 50, 65.   Bicimad :   Estaciones 9 (plaza de San Miguel, 9) y 35 (plaza del Cordón).   Aparcamiento: Plaza Mayor (55).;;-3.7092201911733795;40.415035593525715;;;ShowsHalls;Auditoriums/ConcertHalls
1185;Tablao Flamenco Torres Bermejas;DemoEM;1185;  Metro: Callao (líneas 3 y 5), Gran Vía (líneas 1 y 5).  Bus: 001, 1, 2, 3, 46, 74, 002.  Cercanías Renfe: Sol (líneas C3 y C4).  Bicimad: Estaciones 210 (Tres Cruces, 7), 211 (Desengaño, 1), 2 (calle Miguel Moya, 1).  Aparcamiento: El Corte I;;-3.7041793844860695;40.419885409942566;;;ShowsHalls;Auditoriums/ConcertHalls
1186;Teatro Real;DemoEM;1186;Proyectado por Antonio López Aguado en 1818 siguiendo la tipología clásica de teatros del siglo XVIII. Intervienen en su construcción Custodio Moreno e Isidro González Velázquez. De planta irregular hexagonal, presenta dos fachadas principales:;;-3.7091902837192046;40.417755675106605;;;ShowsHalls;Auditoriums/ConcertHalls
1187;Templete de Música - Parque de La Bombilla;DemoEM;1187;Su mantenimiento es competencia de la Junta de Distrito de Moncloa - Aravaca.  Actividades: espectáculos variados durante los meses de verano.  Metro: Príncipe Pío (líneas 6, 10 y Ramal).  Bus: 46, 41, 75.  Cercanías RENFE: Príncipe Pío (líneas;;-3.725969994297979;40.426047943114646;;;ShowsHalls;Auditoriums/ConcertHalls
1188;WiZink Center;DemoEM;1188;  Metro: Goya (líneas 2, 4), O'Donnell (línea 6).  Bus: 30, E4, C1, 26, 61, C2, 43, 53, 146, 21, 215, 63.  Bicimad: Estaciones 100 (calle Goya, 99) y 98 (plaza de Felipe II).  Aparcamiento: Felipe II (26), avenida Felipe II y calle Goya.;;-3.672104027231158;40.42328354496374;;;ShowsHalls;Auditoriums/ConcertHalls
