id;email;password;genre;birth
1;user1@cars-em.com;12345678test;male;1956-10-18
2;user2@cars-em.com;12345678test;other;1953-04-28
3;user3@cars-em.com;12345678test;male;1991-06-14
4;user4@cars-em.com;12345678test;other;2003-11-13
5;user5@cars-em.com;12345678test;other;1963-12-23
6;user6@cars-em.com;12345678test;female;2004-11-29
7;user7@cars-em.com;12345678test;other;1998-02-28
8;user8@cars-em.com;12345678test;male;1977-08-11
9;user9@cars-em.com;12345678test;other;1952-08-05
10;user10@cars-em.com;12345678test;other;2000-12-28
11;user11@cars-em.com;12345678test;female;1968-08-28
12;user12@cars-em.com;12345678test;male;1952-03-16
13;user13@cars-em.com;12345678test;female;1951-01-14
14;user14@cars-em.com;12345678test;other;1985-04-06
15;user15@cars-em.com;12345678test;male;1977-01-29
16;user16@cars-em.com;12345678test;male;1982-09-18
17;user17@cars-em.com;12345678test;female;1969-11-26
18;user18@cars-em.com;12345678test;male;1961-08-10
19;user19@cars-em.com;12345678test;male;1992-12-31
20;user20@cars-em.com;12345678test;male;1956-06-09
21;user21@cars-em.com;12345678test;male;1965-02-05
22;user22@cars-em.com;12345678test;male;1988-12-20
23;user23@cars-em.com;12345678test;female;1998-03-25
24;user24@cars-em.com;12345678test;female;1997-01-19
25;user25@cars-em.com;12345678test;other;1975-05-06
26;user26@cars-em.com;12345678test;female;1989-12-17
27;user27@cars-em.com;12345678test;male;1998-03-09
28;user28@cars-em.com;12345678test;other;1983-01-16
29;user29@cars-em.com;12345678test;male;1965-08-07
30;user30@cars-em.com;12345678test;female;1956-10-10
31;user31@cars-em.com;12345678test;male;1970-08-22
32;user32@cars-em.com;12345678test;male;1962-08-20
33;user33@cars-em.com;12345678test;male;1986-08-23
34;user34@cars-em.com;12345678test;male;1963-06-29
35;user35@cars-em.com;12345678test;female;2003-11-04
36;user36@cars-em.com;12345678test;female;2003-02-24
37;user37@cars-em.com;12345678test;male;1983-07-28
38;user38@cars-em.com;12345678test;other;1963-04-10
39;user39@cars-em.com;12345678test;female;1955-06-18
40;user40@cars-em.com;12345678test;other;1965-12-09
41;user41@cars-em.com;12345678test;other;2004-03-16
42;user42@cars-em.com;12345678test;other;1989-06-06
43;user43@cars-em.com;12345678test;female;1990-03-18
44;user44@cars-em.com;12345678test;male;2002-04-08
45;user45@cars-em.com;12345678test;male;1956-11-10
46;user46@cars-em.com;12345678test;other;1972-08-19
47;user47@cars-em.com;12345678test;male;2002-11-08
48;user48@cars-em.com;12345678test;other;2001-12-19
49;user49@cars-em.com;12345678test;female;1983-01-22
50;user50@cars-em.com;12345678test;male;1974-05-21
51;user51@cars-em.com;12345678test;male;1962-03-08
52;user52@cars-em.com;12345678test;male;1952-10-23
53;user53@cars-em.com;12345678test;male;2007-04-20
54;user54@cars-em.com;12345678test;male;1968-01-15
55;user55@cars-em.com;12345678test;female;2002-02-07
56;user56@cars-em.com;12345678test;male;2001-03-13
57;user57@cars-em.com;12345678test;male;1996-05-11
58;user58@cars-em.com;12345678test;male;1998-01-20
59;user59@cars-em.com;12345678test;male;2003-11-07
60;user60@cars-em.com;12345678test;female;1981-06-12
61;user61@cars-em.com;12345678test;other;2002-08-12
62;user62@cars-em.com;12345678test;other;1972-07-26
63;user63@cars-em.com;12345678test;other;1968-06-22
64;user64@cars-em.com;12345678test;other;2007-09-21
65;user65@cars-em.com;12345678test;male;1982-04-04
66;user66@cars-em.com;12345678test;female;1963-10-08
67;user67@cars-em.com;12345678test;other;1977-03-26
68;user68@cars-em.com;12345678test;other;1952-05-12
69;user69@cars-em.com;12345678test;female;1955-09-20
70;user70@cars-em.com;12345678test;female;1978-08-03
71;user71@cars-em.com;12345678test;female;1951-09-25
72;user72@cars-em.com;12345678test;other;1957-03-22
73;user73@cars-em.com;12345678test;male;2009-07-25
74;user74@cars-em.com;12345678test;female;1974-04-23
75;user75@cars-em.com;12345678test;female;1997-03-08
76;user76@cars-em.com;12345678test;female;1977-08-22
77;user77@cars-em.com;12345678test;other;1988-12-15
78;user78@cars-em.com;12345678test;other;1964-04-05
79;user79@cars-em.com;12345678test;female;1977-12-03
80;user80@cars-em.com;12345678test;female;1982-03-27
81;user81@cars-em.com;12345678test;other;1976-03-08
82;user82@cars-em.com;12345678test;male;2003-08-21
83;user83@cars-em.com;12345678test;female;1994-10-23
84;user84@cars-em.com;12345678test;other;2000-01-05
85;user85@cars-em.com;12345678test;other;1996-09-28
86;user86@cars-em.com;12345678test;other;2006-04-08
87;user87@cars-em.com;12345678test;male;1985-11-19
88;user88@cars-em.com;12345678test;female;2003-01-21
89;user89@cars-em.com;12345678test;other;1993-03-05
90;user90@cars-em.com;12345678test;other;2009-12-25
91;user91@cars-em.com;12345678test;female;1958-09-15
92;user92@cars-em.com;12345678test;other;1959-02-02
93;user93@cars-em.com;12345678test;female;2002-01-09
94;user94@cars-em.com;12345678test;female;1972-09-20
95;user95@cars-em.com;12345678test;male;1994-09-08
96;user96@cars-em.com;12345678test;other;1967-03-19
97;user97@cars-em.com;12345678test;female;1964-10-28
98;user98@cars-em.com;12345678test;male;1958-11-14
99;user99@cars-em.com;12345678test;female;1958-05-12
100;user100@cars-em.com;12345678test;female;1989-06-29
101;user101@cars-em.com;12345678test;female;2003-07-11
102;user102@cars-em.com;12345678test;female;1956-11-15
103;user103@cars-em.com;12345678test;male;1981-06-10
104;user104@cars-em.com;12345678test;other;1986-09-08
105;user105@cars-em.com;12345678test;female;1993-10-08
106;user106@cars-em.com;12345678test;other;1985-10-10
107;user107@cars-em.com;12345678test;other;1964-07-08
108;user108@cars-em.com;12345678test;other;1970-01-19
109;user109@cars-em.com;12345678test;male;1954-05-26
110;user110@cars-em.com;12345678test;other;1987-10-19
111;user111@cars-em.com;12345678test;other;1998-04-04
112;user112@cars-em.com;12345678test;male;1988-04-09
113;user113@cars-em.com;12345678test;male;2003-11-24
114;user114@cars-em.com;12345678test;other;1971-04-15
115;user115@cars-em.com;12345678test;female;1993-12-09
116;user116@cars-em.com;12345678test;male;1951-04-06
117;user117@cars-em.com;12345678test;other;1958-09-23
118;user118@cars-em.com;12345678test;female;2000-02-14
119;user119@cars-em.com;12345678test;male;2008-09-11
120;user120@cars-em.com;12345678test;other;1966-11-21
121;user121@cars-em.com;12345678test;other;1992-09-22
122;user122@cars-em.com;12345678test;male;1984-11-02
123;user123@cars-em.com;12345678test;female;1973-09-06
124;user124@cars-em.com;12345678test;other;1985-05-17
125;user125@cars-em.com;12345678test;male;1997-05-04
126;user126@cars-em.com;12345678test;male;2000-05-22
127;user127@cars-em.com;12345678test;other;2009-01-10
128;user128@cars-em.com;12345678test;male;1979-10-12
129;user129@cars-em.com;12345678test;female;2006-09-29
130;user130@cars-em.com;12345678test;other;1950-01-12
131;user131@cars-em.com;12345678test;other;1960-03-17
132;user132@cars-em.com;12345678test;female;1954-08-18
133;user133@cars-em.com;12345678test;other;1999-02-02
134;user134@cars-em.com;12345678test;other;1959-06-29
135;user135@cars-em.com;12345678test;male;1992-11-22
136;user136@cars-em.com;12345678test;female;1965-10-17
137;user137@cars-em.com;12345678test;female;1999-05-21
138;user138@cars-em.com;12345678test;other;2005-12-24
139;user139@cars-em.com;12345678test;male;1967-07-13
140;user140@cars-em.com;12345678test;male;2008-03-03
141;user141@cars-em.com;12345678test;female;1954-06-07
142;user142@cars-em.com;12345678test;other;1960-02-04
143;user143@cars-em.com;12345678test;female;2006-09-18
144;user144@cars-em.com;12345678test;male;1993-01-05
145;user145@cars-em.com;12345678test;male;1992-09-17
146;user146@cars-em.com;12345678test;male;2005-03-11
147;user147@cars-em.com;12345678test;male;1984-03-17
148;user148@cars-em.com;12345678test;male;1992-07-02
149;user149@cars-em.com;12345678test;male;1950-05-30
150;user150@cars-em.com;12345678test;female;1951-01-20
151;user151@cars-em.com;12345678test;male;2000-03-07
152;user152@cars-em.com;12345678test;other;2004-10-07
153;user153@cars-em.com;12345678test;female;1956-10-23
154;user154@cars-em.com;12345678test;other;2008-02-04
155;user155@cars-em.com;12345678test;female;1964-03-25
156;user156@cars-em.com;12345678test;other;1989-02-02
157;user157@cars-em.com;12345678test;female;1974-10-18
158;user158@cars-em.com;12345678test;female;1997-01-18
159;user159@cars-em.com;12345678test;other;1993-11-24
160;user160@cars-em.com;12345678test;other;1980-05-14
161;user161@cars-em.com;12345678test;other;1983-05-10
162;user162@cars-em.com;12345678test;male;2008-06-10
163;user163@cars-em.com;12345678test;female;1957-09-28
164;user164@cars-em.com;12345678test;male;1952-12-20
165;user165@cars-em.com;12345678test;female;1995-06-24
166;user166@cars-em.com;12345678test;female;2003-11-29
167;user167@cars-em.com;12345678test;male;2002-12-20
168;user168@cars-em.com;12345678test;male;1986-12-14
169;user169@cars-em.com;12345678test;female;2000-09-16
170;user170@cars-em.com;12345678test;male;1965-09-19
171;user171@cars-em.com;12345678test;other;1953-07-03
172;user172@cars-em.com;12345678test;other;2008-02-17
173;user173@cars-em.com;12345678test;female;1955-01-25
174;user174@cars-em.com;12345678test;other;1978-11-22
175;user175@cars-em.com;12345678test;other;1998-06-28
176;user176@cars-em.com;12345678test;male;1983-12-02
177;user177@cars-em.com;12345678test;male;1952-12-13
178;user178@cars-em.com;12345678test;other;1962-04-21
179;user179@cars-em.com;12345678test;male;1959-02-23
180;user180@cars-em.com;12345678test;male;1995-02-05
181;user181@cars-em.com;12345678test;female;1957-01-07
182;user182@cars-em.com;12345678test;male;1977-07-01
183;user183@cars-em.com;12345678test;male;1951-05-21
184;user184@cars-em.com;12345678test;female;1965-01-29
185;user185@cars-em.com;12345678test;male;2000-10-21
186;user186@cars-em.com;12345678test;male;1984-11-08
187;user187@cars-em.com;12345678test;female;1975-01-23
188;user188@cars-em.com;12345678test;male;2008-07-06
189;user189@cars-em.com;12345678test;female;1970-03-02
190;user190@cars-em.com;12345678test;male;1969-01-01
191;user191@cars-em.com;12345678test;male;1961-08-22
192;user192@cars-em.com;12345678test;female;1971-05-24
193;user193@cars-em.com;12345678test;other;1975-02-01
194;user194@cars-em.com;12345678test;female;2006-09-02
195;user195@cars-em.com;12345678test;male;1983-03-13
196;user196@cars-em.com;12345678test;other;1967-02-09
197;user197@cars-em.com;12345678test;other;1964-08-06
198;user198@cars-em.com;12345678test;female;1983-01-01
199;user199@cars-em.com;12345678test;female;1979-07-26
200;user200@cars-em.com;12345678test;male;1998-06-26
201;user201@cars-em.com;12345678test;male;1959-03-26
202;user202@cars-em.com;12345678test;male;1954-12-06
203;user203@cars-em.com;12345678test;male;1955-09-25
204;user204@cars-em.com;12345678test;other;1981-11-07
205;user205@cars-em.com;12345678test;female;1970-06-04
206;user206@cars-em.com;12345678test;other;1970-12-08
207;user207@cars-em.com;12345678test;male;1971-01-11
208;user208@cars-em.com;12345678test;male;2008-11-12
209;user209@cars-em.com;12345678test;male;1993-12-01
210;user210@cars-em.com;12345678test;other;1987-02-21
211;user211@cars-em.com;12345678test;female;1992-05-21
212;user212@cars-em.com;12345678test;other;1953-08-21
213;user213@cars-em.com;12345678test;other;1999-09-26
214;user214@cars-em.com;12345678test;other;1950-08-01
215;user215@cars-em.com;12345678test;male;1968-08-05
216;user216@cars-em.com;12345678test;male;1983-10-29
217;user217@cars-em.com;12345678test;female;1991-04-06
218;user218@cars-em.com;12345678test;other;1973-06-27
219;user219@cars-em.com;12345678test;male;1983-11-02
220;user220@cars-em.com;12345678test;other;1987-08-10
221;user221@cars-em.com;12345678test;male;1969-10-27
222;user222@cars-em.com;12345678test;male;1954-06-11
223;user223@cars-em.com;12345678test;male;1950-12-17
224;user224@cars-em.com;12345678test;other;1950-01-02
225;user225@cars-em.com;12345678test;other;1991-12-08
226;user226@cars-em.com;12345678test;male;1983-06-19
227;user227@cars-em.com;12345678test;male;1983-01-09
228;user228@cars-em.com;12345678test;male;1959-02-07
229;user229@cars-em.com;12345678test;female;1994-09-08
230;user230@cars-em.com;12345678test;female;2007-12-14
231;user231@cars-em.com;12345678test;female;1954-06-26
232;user232@cars-em.com;12345678test;male;1983-04-27
233;user233@cars-em.com;12345678test;other;1972-05-25
234;user234@cars-em.com;12345678test;female;1981-04-22
235;user235@cars-em.com;12345678test;female;1999-06-04
236;user236@cars-em.com;12345678test;female;1963-03-08
237;user237@cars-em.com;12345678test;other;1983-09-12
238;user238@cars-em.com;12345678test;female;1990-05-19
239;user239@cars-em.com;12345678test;other;1972-09-08
240;user240@cars-em.com;12345678test;other;1987-10-06
241;user241@cars-em.com;12345678test;other;1983-08-31
242;user242@cars-em.com;12345678test;other;1971-12-23
243;user243@cars-em.com;12345678test;female;1958-03-01
244;user244@cars-em.com;12345678test;other;1996-06-20
245;user245@cars-em.com;12345678test;other;1994-04-28
246;user246@cars-em.com;12345678test;other;1984-11-02
247;user247@cars-em.com;12345678test;female;1984-07-23
248;user248@cars-em.com;12345678test;male;1970-02-27
249;user249@cars-em.com;12345678test;other;1983-10-31
250;user250@cars-em.com;12345678test;male;1952-12-08
251;user251@cars-em.com;12345678test;male;1954-01-19
252;user252@cars-em.com;12345678test;female;1998-12-26
253;user253@cars-em.com;12345678test;male;1992-03-08
254;user254@cars-em.com;12345678test;other;1952-01-02
255;user255@cars-em.com;12345678test;other;1959-11-06
256;user256@cars-em.com;12345678test;other;1966-09-25
257;user257@cars-em.com;12345678test;other;2008-07-30
258;user258@cars-em.com;12345678test;other;1981-03-10
259;user259@cars-em.com;12345678test;male;1988-11-02
260;user260@cars-em.com;12345678test;other;1971-11-11
261;user261@cars-em.com;12345678test;female;2007-03-06
262;user262@cars-em.com;12345678test;other;1952-04-02
263;user263@cars-em.com;12345678test;other;1988-09-29
264;user264@cars-em.com;12345678test;female;1959-06-03
265;user265@cars-em.com;12345678test;other;1953-11-23
266;user266@cars-em.com;12345678test;other;1985-07-19
267;user267@cars-em.com;12345678test;other;2004-03-15
268;user268@cars-em.com;12345678test;other;1956-01-02
269;user269@cars-em.com;12345678test;other;1999-04-07
270;user270@cars-em.com;12345678test;female;1986-09-28
271;user271@cars-em.com;12345678test;male;1981-12-19
272;user272@cars-em.com;12345678test;other;1990-09-21
273;user273@cars-em.com;12345678test;male;1987-10-22
274;user274@cars-em.com;12345678test;other;2002-06-02
275;user275@cars-em.com;12345678test;female;1967-05-21
276;user276@cars-em.com;12345678test;other;1995-08-07
277;user277@cars-em.com;12345678test;other;1956-10-25
278;user278@cars-em.com;12345678test;female;1998-04-06
279;user279@cars-em.com;12345678test;other;2007-05-04
280;user280@cars-em.com;12345678test;other;2006-06-23
281;user281@cars-em.com;12345678test;female;2002-01-11
282;user282@cars-em.com;12345678test;male;2007-10-06
283;user283@cars-em.com;12345678test;male;1955-04-28
284;user284@cars-em.com;12345678test;female;1996-05-06
285;user285@cars-em.com;12345678test;other;2005-10-13
286;user286@cars-em.com;12345678test;other;1998-05-09
287;user287@cars-em.com;12345678test;female;1993-02-10
288;user288@cars-em.com;12345678test;female;1998-08-22
289;user289@cars-em.com;12345678test;male;1960-11-02
290;user290@cars-em.com;12345678test;other;2006-09-24
291;user291@cars-em.com;12345678test;male;1965-04-23
292;user292@cars-em.com;12345678test;other;2008-12-08
293;user293@cars-em.com;12345678test;other;1953-06-23
294;user294@cars-em.com;12345678test;male;1962-02-26
295;user295@cars-em.com;12345678test;other;1967-10-15
296;user296@cars-em.com;12345678test;male;1996-01-03
297;user297@cars-em.com;12345678test;male;1966-08-14
298;user298@cars-em.com;12345678test;female;2001-07-05
299;user299@cars-em.com;12345678test;female;1971-11-10
300;user300@cars-em.com;12345678test;female;1975-12-05
301;user301@cars-em.com;12345678test;other;1969-05-31
302;user302@cars-em.com;12345678test;female;1994-10-24
303;user303@cars-em.com;12345678test;female;2009-06-11
304;user304@cars-em.com;12345678test;other;2001-05-10
305;user305@cars-em.com;12345678test;male;2005-04-15
306;user306@cars-em.com;12345678test;other;1962-01-07
307;user307@cars-em.com;12345678test;other;1951-11-09
308;user308@cars-em.com;12345678test;female;2004-09-05
309;user309@cars-em.com;12345678test;other;2006-09-19
310;user310@cars-em.com;12345678test;female;1982-01-07
311;user311@cars-em.com;12345678test;female;1997-12-09
312;user312@cars-em.com;12345678test;male;1974-11-10
313;user313@cars-em.com;12345678test;male;1998-06-23
314;user314@cars-em.com;12345678test;female;2003-06-08
315;user315@cars-em.com;12345678test;other;1997-04-29
316;user316@cars-em.com;12345678test;female;1962-04-05
317;user317@cars-em.com;12345678test;male;1988-12-19
318;user318@cars-em.com;12345678test;male;2001-03-31
319;user319@cars-em.com;12345678test;female;1998-12-31
320;user320@cars-em.com;12345678test;male;1990-08-31
321;user321@cars-em.com;12345678test;other;1959-03-21
322;user322@cars-em.com;12345678test;male;1987-05-04
323;user323@cars-em.com;12345678test;female;1963-11-27
324;user324@cars-em.com;12345678test;male;1980-06-01
325;user325@cars-em.com;12345678test;other;1998-08-26
326;user326@cars-em.com;12345678test;other;2005-02-06
327;user327@cars-em.com;12345678test;other;1962-03-14
328;user328@cars-em.com;12345678test;female;1984-09-21
329;user329@cars-em.com;12345678test;male;2006-10-09
330;user330@cars-em.com;12345678test;female;1984-06-08
331;user331@cars-em.com;12345678test;female;1977-02-08
332;user332@cars-em.com;12345678test;male;1980-11-30
333;user333@cars-em.com;12345678test;female;2000-08-18
334;user334@cars-em.com;12345678test;other;1973-12-21
335;user335@cars-em.com;12345678test;female;1952-12-08
336;user336@cars-em.com;12345678test;other;2007-05-30
337;user337@cars-em.com;12345678test;other;1968-12-20
338;user338@cars-em.com;12345678test;female;1994-03-09
339;user339@cars-em.com;12345678test;female;1970-10-03
340;user340@cars-em.com;12345678test;other;1953-10-17
341;user341@cars-em.com;12345678test;other;1965-03-03
342;user342@cars-em.com;12345678test;male;1995-02-21
343;user343@cars-em.com;12345678test;male;1977-03-21
344;user344@cars-em.com;12345678test;female;1999-07-29
345;user345@cars-em.com;12345678test;male;2005-04-16
346;user346@cars-em.com;12345678test;male;2007-09-25
347;user347@cars-em.com;12345678test;female;1967-12-26
348;user348@cars-em.com;12345678test;female;1994-01-07
349;user349@cars-em.com;12345678test;female;1994-02-22
350;user350@cars-em.com;12345678test;other;1956-09-01
351;user351@cars-em.com;12345678test;other;1969-09-07
352;user352@cars-em.com;12345678test;female;1989-10-05
353;user353@cars-em.com;12345678test;male;2003-06-25
354;user354@cars-em.com;12345678test;male;2009-12-24
355;user355@cars-em.com;12345678test;male;1996-01-06
356;user356@cars-em.com;12345678test;other;1970-07-04
357;user357@cars-em.com;12345678test;female;1970-01-21
358;user358@cars-em.com;12345678test;male;1952-11-04
359;user359@cars-em.com;12345678test;other;1997-12-14
360;user360@cars-em.com;12345678test;female;1981-02-17
361;user361@cars-em.com;12345678test;male;1988-03-18
362;user362@cars-em.com;12345678test;female;1996-01-30
363;user363@cars-em.com;12345678test;other;2008-02-04
364;user364@cars-em.com;12345678test;male;2003-11-25
365;user365@cars-em.com;12345678test;female;1956-11-14
366;user366@cars-em.com;12345678test;other;1997-01-19
367;user367@cars-em.com;12345678test;other;1956-03-07
368;user368@cars-em.com;12345678test;male;1990-05-16
369;user369@cars-em.com;12345678test;female;1981-05-19
370;user370@cars-em.com;12345678test;female;1999-04-27
371;user371@cars-em.com;12345678test;female;1963-04-29
372;user372@cars-em.com;12345678test;male;1975-04-12
373;user373@cars-em.com;12345678test;female;1970-08-14
374;user374@cars-em.com;12345678test;male;2005-07-08
375;user375@cars-em.com;12345678test;male;1951-01-08
376;user376@cars-em.com;12345678test;other;1966-02-28
377;user377@cars-em.com;12345678test;male;1993-05-27
378;user378@cars-em.com;12345678test;other;1990-09-23
379;user379@cars-em.com;12345678test;other;1997-09-11
380;user380@cars-em.com;12345678test;male;1950-05-17
381;user381@cars-em.com;12345678test;other;1987-07-22
382;user382@cars-em.com;12345678test;male;1976-03-21
383;user383@cars-em.com;12345678test;female;1996-03-05
384;user384@cars-em.com;12345678test;male;1965-08-08
385;user385@cars-em.com;12345678test;male;2007-10-27
386;user386@cars-em.com;12345678test;female;2002-10-04
387;user387@cars-em.com;12345678test;female;1981-03-01
388;user388@cars-em.com;12345678test;male;1974-03-25
389;user389@cars-em.com;12345678test;other;1971-12-03
390;user390@cars-em.com;12345678test;female;2000-08-01
391;user391@cars-em.com;12345678test;male;1979-12-09
392;user392@cars-em.com;12345678test;female;1987-05-30
393;user393@cars-em.com;12345678test;female;1957-12-01
394;user394@cars-em.com;12345678test;other;1986-06-23
395;user395@cars-em.com;12345678test;female;1959-10-10
396;user396@cars-em.com;12345678test;female;2004-03-28
397;user397@cars-em.com;12345678test;other;1995-10-06
398;user398@cars-em.com;12345678test;male;1973-05-22
399;user399@cars-em.com;12345678test;female;1991-01-10
400;user400@cars-em.com;12345678test;female;1966-07-07
